{
    "best_ratio": "90:10",
    "accuracy": 0.9476439790575916,
    "confusion_matrix": {
        "true_negative": 107,
        "false_positive": 5,
        "false_negative": 5,
        "true_positive": 74
    },
    "classification_report": {
        "negative": {
            "precision": 0.9553571428571429,
            "recall": 0.9553571428571429,
            "f1-score": 0.9553571428571429
        },
        "positive": {
            "precision": 0.9367088607594937,
            "recall": 0.9367088607594937,
            "f1-score": 0.9367088607594937
        },
        "weighted_avg": {
            "precision": 0.9476439790575916,
            "recall": 0.9476439790575916,
            "f1-score": 0.9476439790575916
        }
    }
}